CBSA,State,CBSA Code,Year,Days with AQI,Good Days,Moderate Days,Unhealthy for Sensitive Groups Days,Unhealthy Days,Very Unhealthy Days,Hazardous Days,Max AQI,90th Percentile AQI,Median AQI,Days CO,Days NO2,Days Ozone,Days SO2,Days PM2.5,Days PM10
Aberdeen,SD,10100,2006,122,106,16,0,0,0,0,71,53,30,0,0,0,0,113,9
Aberdeen,WA,10140,2006,365,339,26,0,0,0,0,82,40,18,0,0,0,0,365,0
Adjuntas,PR,10260,2006,103,95,8,0,0,0,0,75,48,26,0,0,0,0,103,0
Adrian,MI,10300,2006,172,121,47,4,0,0,0,140,77,44,0,0,172,0,0,0
Akron,OH,10420,2006,365,190,133,41,1,0,0,175,104,49,7,0,130,153,75,0
Albany,GA,10500,2006,116,52,64,0,0,0,0,100,73,53,0,0,0,0,111,5
Albany,OR,10540,2006,362,320,42,0,0,0,0,85,53,20,0,0,0,0,362,0
Albany-Schenectady-Troy,NY,10580,2006,365,306,50,8,1,0,0,159,67,35,2,0,319,8,36,0
Albuquerque,NM,10740,2006,365,77,261,24,1,2,0,212,97,63,0,7,168,0,25,165
Alexandria,LA,10780,2006,122,82,40,0,0,0,0,89,70,40,0,0,0,0,122,0
Allentown-Bethlehem-Easton,PA,10900,2006,365,158,173,25,9,0,0,200,97,55,0,11,72,97,169,16
Allentown-Bethlehem-Easton,NJ,10900,2006,365,158,173,25,9,0,0,200,97,55,0,11,72,97,169,16
Altoona,PA,11020,2006,365,296,65,4,0,0,0,133,64,39,0,76,181,100,0,8
Amarillo,TX,11100,2006,365,347,18,0,0,0,0,59,44,25,0,0,0,0,365,0
Americus,GA,11140,2006,243,153,80,9,1,0,0,156,87,47,0,0,243,0,0,0
Ames,IA,11180,2006,184,163,21,0,0,0,0,97,51,39,0,0,184,0,0,0
Anchorage,AK,11260,2006,308,258,46,4,0,0,0,133,60,23,99,0,0,0,101,108
Ann Arbor,MI,11460,2006,230,141,81,8,0,0,0,126,85,46,0,0,145,0,85,0
Appleton,WI,11540,2006,245,169,70,6,0,0,0,121,71,41,0,0,166,0,79,0
Ardmore,OK,11620,2006,241,132,74,28,7,0,0,182,112,48,0,0,241,0,0,0
Asheville,NC,11700,2006,364,147,200,16,1,0,0,154,90,54,0,0,140,0,224,0
Ashtabula,OH,11780,2006,362,292,57,9,4,0,0,185,84,33,0,0,208,154,0,0
Athens,OH,11900,2006,53,35,18,0,0,0,0,98,67,43,0,0,0,0,53,0
Athens,TN,11940,2006,347,240,89,17,1,0,0,178,80,31,0,155,0,93,93,6
Athens-Clarke County,GA,12020,2006,365,135,200,25,5,0,0,161,100,57,0,0,132,0,233,0
Atlanta-Sandy Springs-Roswell,GA,12060,2006,365,54,222,60,22,7,0,217,140,71,0,8,115,29,213,0
Atlantic City-Hammonton,NJ,12100,2006,360,265,83,10,2,0,0,172,74,38,0,0,277,2,81,0
Augusta-Richmond County,GA,12260,2006,365,127,213,22,3,0,0,169,93,58,0,0,153,0,212,0
Augusta-Richmond County,SC,12260,2006,365,127,213,22,3,0,0,169,93,58,0,0,153,0,212,0
Augusta-Waterville,ME,12300,2006,212,192,18,2,0,0,0,119,50,33,0,0,181,0,0,31
Austin-Round Rock,TX,12420,2006,365,220,109,32,4,0,0,164,100,46,0,4,231,0,130,0
Bakersfield,CA,12540,2006,365,56,129,95,71,14,0,217,175,100,0,4,207,0,149,5
Baltimore-Columbia-Towson,MD,12580,2006,365,124,186,40,14,1,0,205,115,61,0,11,128,16,210,0
Bangor,ME,12620,2006,286,263,22,1,0,0,0,122,48,31,0,0,234,0,44,8
Baraboo,WI,12660,2006,349,288,59,2,0,0,0,114,60,38,0,0,285,0,64,0
Barnstable Town,MA,12700,2006,243,179,47,14,2,1,0,201,87,42,0,2,179,0,62,0
Baton Rouge,LA,12940,2006,365,70,213,65,17,0,0,195,129,70,0,4,132,57,169,3
Bay City,MI,13020,2006,74,45,28,1,0,0,0,123,69,33,0,0,0,0,74,0
Beaumont-Port Arthur,TX,13140,2006,365,80,194,79,12,0,0,200,126,70,0,0,98,142,125,0
Beaver Dam,WI,13180,2006,365,279,81,5,0,0,0,138,64,39,0,0,275,0,79,11
Beckley,WV,13220,2006,118,76,41,1,0,0,0,108,72,42,0,0,0,0,118,0
Bellingham,WA,13380,2006,362,328,34,0,0,0,0,73,48,29,0,0,114,0,248,0
Bend-Redmond,OR,13460,2006,362,325,37,0,0,0,0,86,51,20,7,0,0,0,349,6
Bennington,VT,13540,2006,356,316,37,3,0,0,0,119,53,34,0,0,314,0,42,0
Berlin,NH,13620,2006,245,180,62,3,0,0,0,129,64,40,0,0,168,0,77,0
Berlin,VT,13620,2006,245,180,62,3,0,0,0,129,64,40,0,0,168,0,77,0
Billings,MT,13740,2006,365,189,165,11,0,0,0,123,82,50,0,3,126,204,32,0
Birmingham-Hoover,AL,13820,2006,365,29,258,63,14,1,0,204,119,80,46,0,67,12,200,40
Bishop,CA,13860,2006,365,176,123,47,8,1,1,8195,115,51,0,0,290,0,0,75
Bismarck,ND,13900,2006,365,316,48,1,0,0,0,113,54,37,0,12,303,22,27,1
Bloomington,IL,14010,2006,365,280,78,7,0,0,0,119,68,35,0,0,334,0,31,0
Bloomington,IN,14020,2006,183,103,70,10,0,0,0,136,87,49,0,0,183,0,0,0
Boise City,ID,14260,2006,365,162,171,30,2,0,0,164,97,53,1,0,132,0,222,10
Boone,NC,14380,2006,119,83,36,0,0,0,0,90,71,38,0,0,0,0,119,0
Boston-Cambridge-Newton,MA,14460,2006,365,158,173,31,3,0,0,159,100,53,0,27,101,29,208,0
Boston-Cambridge-Newton,NH,14460,2006,365,158,173,31,3,0,0,159,100,53,0,27,101,29,208,0
Boulder,CO,14500,2006,364,225,120,16,3,0,0,154,90,46,7,0,322,0,34,1
Bowling Green,KY,14540,2006,365,241,117,7,0,0,0,136,79,43,0,11,267,2,85,0
Bozeman,MT,14580,2006,365,317,45,2,1,0,0,188,55,18,26,0,0,0,338,1
Brainerd,MN,14660,2006,346,286,57,3,0,0,0,129,61,33,0,0,129,0,217,0
Branson,MO,14700,2006,118,100,18,0,0,0,0,77,55,31,0,0,0,0,118,0
Breckenridge,CO,14720,2006,307,298,9,0,0,0,0,66,31,13,0,0,0,0,0,307
Bridgeport-Stamford-Norwalk,CT,14860,2006,365,259,77,18,9,2,0,215,90,42,1,108,160,26,70,0
Brookings,SD,15100,2006,131,111,20,0,0,0,0,81,55,31,0,0,0,0,106,25
Brownsville,TN,15140,2006,306,241,50,12,2,1,0,203,84,39,0,5,299,2,0,0
Brownsville-Harlingen,TX,15180,2006,364,231,132,1,0,0,0,101,68,43,0,0,113,0,225,26
Brunswick,GA,15260,2006,282,206,75,1,0,0,0,122,64,43,0,0,192,0,88,2
Buffalo-Cheektowaga-Niagara Falls,NY,15380,2006,365,227,115,21,2,0,0,151,88,43,0,75,176,47,67,0
Burlington,NC,15500,2006,120,61,59,0,0,0,0,100,75,50,0,0,0,0,120,0
Burlington-South Burlington,VT,15540,2006,365,323,40,2,0,0,0,122,54,36,0,26,277,0,62,0
Butte-Silver Bow,MT,15580,2006,365,317,42,6,0,0,0,145,55,22,71,0,0,0,103,191
Cadillac,MI,15620,2006,237,190,39,8,0,0,0,150,64,40,0,0,163,0,74,0
Canton-Massillon,OH,15940,2006,336,192,119,24,1,0,0,172,93,48,71,0,177,0,88,0
Cape Coral-Fort Myers,FL,15980,2006,365,298,60,7,0,0,0,126,64,38,0,0,324,0,34,7
Carbondale-Marion,IL,16060,2006,60,59,1,0,0,0,0,53,29,19,0,0,0,0,0,60
Carlsbad-Artesia,NM,16100,2006,365,263,79,22,1,0,0,161,87,44,0,1,353,1,10,0
Carson City,NV,16180,2006,359,289,67,3,0,0,0,115,67,37,152,0,207,0,0,0
Casper,WY,16220,2006,88,85,3,0,0,0,0,66,31,17,0,0,0,0,0,88
Ca?on City,CO,15860,2006,57,57,0,0,0,0,0,50,25,16,0,0,0,0,0,57
Cedar Rapids,IA,16300,2006,365,247,108,10,0,0,0,126,75,44,8,0,148,147,62,0
Centralia,WA,16500,2006,109,107,2,0,0,0,0,56,22,5,0,0,0,0,109,0
Chambersburg-Waynesboro,PA,16540,2006,213,172,40,1,0,0,0,101,61,42,0,0,213,0,0,0
Champaign-Urbana,IL,16580,2006,365,298,66,1,0,0,0,115,59,34,0,0,290,0,75,0
Charleston,WV,16620,2006,365,178,162,24,1,0,0,159,90,52,0,0,120,145,89,11
Charleston-North Charleston,SC,16700,2006,365,171,175,18,1,0,0,159,87,52,0,3,147,13,202,0
Charlotte-Concord-Gastonia,NC,16740,2006,365,96,210,43,16,0,0,195,116,65,0,5,138,21,201,0
Charlotte-Concord-Gastonia,SC,16740,2006,365,96,210,43,16,0,0,195,116,65,0,5,138,21,201,0
Charlottesville,VA,16820,2006,58,58,0,0,0,0,0,44,31,19,0,0,0,0,0,58
Chattanooga,TN,16860,2006,293,123,139,27,4,0,0,169,101,54,0,0,195,0,93,5
Chattanooga,GA,16860,2006,293,123,139,27,4,0,0,169,101,54,0,0,195,0,93,5
Cheyenne,WY,16940,2006,119,115,4,0,0,0,0,57,29,17,0,0,0,0,93,26
Chicago-Naperville-Elgin,IL,16980,2006,365,24,299,38,4,0,0,164,102,71,0,77,46,100,136,6
Chicago-Naperville-Elgin,IN,16980,2006,365,24,299,38,4,0,0,164,102,71,0,77,46,100,136,6
Chicago-Naperville-Elgin,WI,16980,2006,365,24,299,38,4,0,0,164,102,71,0,77,46,100,136,6
Chico,CA,17020,2006,365,155,142,59,9,0,0,172,122,56,0,1,260,0,102,2
Cincinnati,OH,17140,2006,365,137,171,48,9,0,0,182,112,61,0,33,129,131,72,0
Cincinnati,KY,17140,2006,365,137,171,48,9,0,0,182,112,61,0,33,129,131,72,0
Cincinnati,IN,17140,2006,365,137,171,48,9,0,0,182,112,61,0,33,129,131,72,0
Claremont-Lebanon,NH,17200,2006,216,178,38,0,0,0,0,100,58,37,0,0,170,0,46,0
Claremont-Lebanon,VT,17200,2006,216,178,38,0,0,0,0,100,58,37,0,0,170,0,46,0
Clarksburg,WV,17220,2006,118,55,61,2,0,0,0,102,75,52,0,0,0,0,118,0
Clarksville,TN,17300,2006,365,189,144,29,3,0,0,200,97,50,0,0,199,70,96,0
Clarksville,KY,17300,2006,365,189,144,29,3,0,0,200,97,50,0,0,199,70,96,0
Clearlake,CA,17340,2006,364,336,27,1,0,0,0,101,48,35,0,0,358,0,6,0
Cleveland,MS,17380,2006,365,197,146,22,0,0,0,133,87,48,0,0,130,0,235,0
Cleveland,TN,17420,2006,365,323,32,9,1,0,0,168,55,24,0,197,0,142,0,26
Cleveland-Elyria,OH,17460,2006,365,105,179,76,5,0,0,161,119,69,0,19,71,206,59,10
Clinton,IA,17540,2006,365,274,88,3,0,0,0,139,66,38,0,0,161,110,94,0
Coco,PR,17640,2006,275,251,23,1,0,0,0,102,49,18,0,48,0,227,0,0
Coeur d'Alene,ID,17660,2006,365,270,91,4,0,0,0,132,67,39,0,15,102,0,247,1
Coffeyville,KS,17700,2006,364,360,4,0,0,0,0,72,36,21,0,0,0,6,0,358
Colorado Springs,CO,17820,2006,365,223,126,16,0,0,0,129,87,46,0,0,322,0,39,4
Columbia,MO,17860,2006,60,40,20,0,0,0,0,73,61,42,0,0,0,0,60,0
Columbia,SC,17900,2006,365,103,225,34,2,1,0,253,101,61,0,1,125,52,158,29
Columbus,GA,17980,2006,365,137,211,14,3,0,0,154,89,58,0,0,98,0,267,0
Columbus,AL,17980,2006,365,137,211,14,3,0,0,154,89,58,0,0,98,0,267,0
Columbus,MS,18060,2006,118,64,53,1,0,0,0,104,71,48,0,0,0,0,118,0
Columbus,OH,18140,2006,365,219,119,25,2,0,0,154,93,45,5,0,176,32,78,74
Concord,NH,18180,2006,365,206,106,53,0,0,0,146,107,44,0,0,94,222,49,0
Cookeville,TN,18260,2006,109,59,50,0,0,0,0,97,71,49,0,0,0,0,109,0
Corning,NY,18500,2006,365,281,78,6,0,0,0,115,66,38,0,0,231,0,134,0
Corpus Christi,TX,18580,2006,365,228,130,7,0,0,0,147,71,45,0,0,112,6,245,2
Corvallis,OR,18700,2006,363,330,33,0,0,0,0,86,46,15,0,0,0,0,363,0
Crescent City,CA,18860,2006,124,120,4,0,0,0,0,77,32,12,0,0,0,0,99,25
Cullowhee,NC,19000,2006,256,105,123,28,0,0,0,150,101,54,0,0,188,0,68,0
Dallas-Fort Worth-Arlington,TX,19100,2006,365,107,184,46,26,2,0,202,136,60,0,32,179,50,104,0
Dalton,GA,19140,2006,265,144,109,12,0,0,0,150,93,49,0,0,208,0,57,0
Daphne-Fairhope-Foley,AL,19300,2006,280,174,81,24,1,0,0,156,97,46,0,0,217,0,63,0
Davenport-Moline-Rock Island,IA,19340,2006,365,148,211,6,0,0,0,115,77,54,0,4,82,2,164,113
Davenport-Moline-Rock Island,IL,19340,2006,365,148,211,6,0,0,0,115,77,54,0,4,82,2,164,113
Dayton,OH,19380,2006,365,234,111,19,1,0,0,156,86,43,99,0,178,0,88,0
Decatur,AL,19460,2006,286,149,117,20,0,0,0,136,93,50,0,0,208,0,78,0
Decatur,IL,19500,2006,364,267,91,6,0,0,0,129,67,39,0,0,268,51,45,0
Deltona-Daytona Beach-Ormond Beach,FL,19660,2006,365,283,76,6,0,0,0,119,65,40,0,0,312,0,42,11
Deming,NM,19700,2006,199,196,3,0,0,0,0,65,44,35,0,4,154,0,0,41
Denver-Aurora-Lakewood,CO,19740,2006,365,102,204,49,10,0,0,177,112,61,0,95,188,1,56,25
Des Moines-West Des Moines,IA,19780,2006,365,258,105,2,0,0,0,105,65,42,4,33,149,0,179,0
Detroit-Warren-Dearborn,MI,19820,2006,365,114,183,65,3,0,0,190,114,64,0,14,82,120,139,10
Dickinson,ND,19860,2006,364,312,52,0,0,0,0,100,55,37,0,0,358,0,6,0
Dodge City,KS,19980,2006,23,21,2,0,0,0,0,66,34,18,0,0,0,0,0,23
Dothan,AL,20020,2006,285,177,102,6,0,0,0,126,77,46,0,0,187,0,98,0
Douglas,GA,20060,2006,58,23,35,0,0,0,0,84,73,55,0,0,0,0,58,0
Dover,DE,20100,2006,265,156,93,13,3,0,0,159,90,47,0,0,172,0,93,0
DuBois,PA,20180,2006,205,160,40,5,0,0,0,136,71,41,0,0,205,0,0,0
Duluth,MN,20260,2006,365,246,119,0,0,0,0,97,63,44,0,0,171,0,191,3
Duluth,WI,20260,2006,365,246,119,0,0,0,0,97,63,44,0,0,171,0,191,3
Durango,CO,20420,2006,365,231,124,10,0,0,0,126,84,46,0,15,349,0,0,1
Durham-Chapel Hill,NC,20500,2006,360,152,189,18,1,0,0,159,87,54,0,0,113,0,247,0
Dyersburg,TN,20540,2006,109,66,40,2,1,0,0,153,64,43,0,0,0,0,109,0
Eagle Pass,TX,20580,2006,301,243,58,0,0,0,0,72,55,29,0,0,0,0,301,0
East Stroudsburg,PA,20700,2006,211,162,42,7,0,0,0,140,71,41,0,0,211,0,0,0
Effingham,IL,20820,2006,216,182,32,2,0,0,0,112,58,39,0,0,216,0,0,0
El Centro,CA,20940,2006,365,117,183,55,10,0,0,190,119,63,6,65,247,2,24,21
El Dorado,AR,20980,2006,365,317,48,0,0,0,0,89,55,9,0,0,0,254,111,0
El Paso,TX,21340,2006,365,75,230,46,10,2,1,608,113,67,0,10,133,1,129,92
Elizabethtown-Fort Knox,KY,21060,2006,287,171,104,12,0,0,0,136,84,46,0,0,196,0,89,2
Elkhart-Goshen,IN,21140,2006,240,160,78,2,0,0,0,133,72,45,0,0,147,0,93,0
Elko,NV,21220,2006,333,314,19,0,0,0,0,90,45,21,0,0,0,0,18,315
Ellensburg,WA,21260,2006,360,300,60,0,0,0,0,88,56,31,0,0,0,0,360,0
Elmira,NY,21300,2006,365,335,29,1,0,0,0,115,49,32,0,0,339,26,0,0
Emporia,KS,21380,2006,116,102,14,0,0,0,0,74,54,26,0,0,0,0,116,0
Erie,PA,21500,2006,365,220,134,10,1,0,0,161,77,45,0,25,125,44,171,0
Espa?ola,NM,21580,2006,111,111,0,0,0,0,0,47,18,8,0,0,0,0,111,0
Eufaula,AL,21640,2006,11,6,5,0,0,0,0,77,63,35,0,0,0,0,11,0
Eufaula,GA,21640,2006,11,6,5,0,0,0,0,77,63,35,0,0,0,0,11,0
Eugene,OR,21660,2006,365,266,84,15,0,0,0,147,73,37,56,0,128,0,180,1
Eureka-Arcata-Fortuna,CA,21700,2006,101,82,19,0,0,0,0,99,58,28,0,2,11,0,79,9
Evansville,IN,21780,2006,365,79,191,78,17,0,0,200,122,70,0,0,73,170,122,0
Evansville,KY,21780,2006,365,79,191,78,17,0,0,200,122,70,0,0,73,170,122,0
Fairbanks,AK,21820,2006,338,224,93,19,2,0,0,156,89,32,2,0,0,0,336,0
Fairmont,WV,21900,2006,121,50,70,1,0,0,0,119,80,54,0,0,0,0,121,0
Fallon,NV,21980,2006,214,170,43,1,0,0,0,112,64,44,0,0,214,0,0,0
Fargo,ND,22020,2006,364,316,47,1,0,0,0,118,54,37,0,22,266,0,62,14
Fargo,MN,22020,2006,364,316,47,1,0,0,0,118,54,37,0,22,266,0,62,14
Farmington,NM,22140,2006,365,185,156,23,1,0,0,154,93,50,0,56,264,35,10,0
Fayetteville,NC,22180,2006,363,161,188,14,0,0,0,133,88,53,0,0,102,0,261,0
Fayetteville-Springdale-Rogers,AR,22220,2006,89,88,1,0,0,0,0,54,42,30,0,0,89,0,0,0
Fayetteville-Springdale-Rogers,MO,22220,2006,89,88,1,0,0,0,0,54,42,30,0,0,89,0,0,0
Findlay,OH,22300,2006,56,56,0,0,0,0,0,40,29,23,0,0,0,0,0,56
Flagstaff,AZ,22380,2006,361,211,147,3,0,0,0,122,84,48,0,0,354,0,7,0
Flint,MI,22420,2006,361,270,86,5,0,0,0,143,69,33,0,0,164,118,79,0
Florence,SC,22500,2006,263,144,108,11,0,0,0,126,90,48,0,0,196,0,67,0
Florence-Muscle Shoals,AL,22520,2006,365,254,102,9,0,0,0,129,71,42,0,0,176,101,88,0
Fond du Lac,WI,22540,2006,184,146,37,1,0,0,0,101,64,41,0,0,184,0,0,0
Fort Collins,CO,22660,2006,365,188,139,32,6,0,0,179,101,50,0,0,351,0,13,1
Fort Madison-Keokuk,IA,22800,2006,116,116,0,0,0,0,0,50,34,20,0,0,0,0,0,116
Fort Madison-Keokuk,IL,22800,2006,116,116,0,0,0,0,0,50,34,20,0,0,0,0,0,116
Fort Madison-Keokuk,MO,22800,2006,116,116,0,0,0,0,0,50,34,20,0,0,0,0,0,116
Fort Payne,AL,22840,2006,114,57,57,0,0,0,0,96,73,51,0,0,0,0,114,0
Fort Smith,AR,22900,2006,311,190,107,14,0,0,0,140,87,47,0,2,185,0,80,44
Fort Smith,OK,22900,2006,311,190,107,14,0,0,0,140,87,47,0,2,185,0,80,44
Fort Wayne,IN,23060,2006,365,197,159,9,0,0,0,126,74,48,0,0,84,0,274,7
Frankfort,KY,23180,2006,118,68,49,1,0,0,0,105,71,45,0,0,0,0,118,0
Fresno,CA,23420,2006,365,82,149,85,47,2,0,208,156,80,0,18,195,0,151,1
Gadsden,AL,23460,2006,282,168,108,6,0,0,0,129,74,48,0,0,194,0,87,1
Gaffney,SC,23500,2006,360,272,79,8,1,0,0,161,74,40,0,0,360,0,0,0
Gainesville,FL,23540,2006,365,268,87,10,0,0,0,126,71,41,0,0,311,0,47,7
Gainesville,GA,23580,2006,110,44,66,0,0,0,0,89,74,54,0,0,0,0,110,0
Gardnerville Ranchos,NV,23820,2006,46,46,0,0,0,0,0,35,25,14,46,0,0,0,0,0
Georgetown,SC,23860,2006,363,289,73,1,0,0,0,103,60,30,0,0,0,38,97,228
Gettysburg,PA,23900,2006,363,203,148,12,0,0,0,132,84,46,0,0,111,0,252,0
Gillette,WY,23940,2006,365,161,197,7,0,0,0,133,80,52,0,1,175,51,5,133
Glenwood Springs,CO,24060,2006,344,334,10,0,0,0,0,61,38,19,0,0,0,0,1,343
Goldsboro,NC,24140,2006,290,119,168,3,0,0,0,127,70,53,0,0,0,0,288,2
Grand Island,NE,24260,2006,119,106,13,0,0,0,0,68,52,26,0,0,0,0,119,0
Grand Junction,CO,24300,2006,365,309,54,1,1,0,0,167,54,32,4,0,0,0,88,273
Grand Rapids-Wyoming,MI,24340,2006,364,235,112,13,4,0,0,200,77,43,0,82,151,0,131,0
Grants Pass,OR,24420,2006,365,260,103,2,0,0,0,105,66,34,0,0,0,0,364,1
Great Falls,MT,24500,2006,364,347,17,0,0,0,0,84,39,11,151,0,0,116,97,0
Greeley,CO,24540,2006,365,209,129,25,2,0,0,161,97,47,16,0,294,0,54,1
Green Bay,WI,24580,2006,361,242,106,10,3,0,0,174,74,41,0,0,131,166,64,0
Greensboro-High Point,NC,24660,2006,365,193,140,29,3,0,0,156,97,48,62,0,136,0,166,1
Greenville,NC,24780,2006,262,168,90,4,0,0,0,136,76,45,0,0,180,0,82,0
Greenville-Anderson-Mauldin,SC,24860,2006,365,106,237,19,3,0,0,164,90,61,0,2,110,1,252,0
Greenwood,SC,24940,2006,267,129,123,13,2,0,0,166,84,51,0,0,181,0,86,0
Grenada,MS,24980,2006,10,7,3,0,0,0,0,57,57,35,0,0,0,0,10,0
Guayama,PR,25020,2006,290,279,11,0,0,0,0,84,37,4,0,0,0,169,50,71
Gulfport-Biloxi-Pascagoula,MS,25060,2006,365,141,193,27,4,0,0,169,94,55,0,0,89,13,263,0
Hagerstown-Martinsburg,MD,25180,2006,274,155,102,16,1,0,0,159,90,48,0,0,173,0,101,0
Hagerstown-Martinsburg,WV,25180,2006,274,155,102,16,1,0,0,159,90,48,0,0,173,0,101,0
Hammond,LA,25220,2006,120,64,56,0,0,0,0,89,75,49,0,0,0,0,120,0
Hanford-Corcoran,CA,25260,2006,365,176,109,72,8,0,0,190,126,52,0,42,247,0,37,39
Harrisburg-Carlisle,PA,25420,2006,365,164,180,20,1,0,0,156,92,54,0,15,110,15,225,0
Harrison,AR,25460,2006,363,246,113,4,0,0,0,122,77,44,0,0,339,0,24,0
Harrisonburg,VA,25500,2006,364,363,1,0,0,0,0,55,35,23,0,290,0,52,0,22
Hartford-West Hartford-East Hartford,CT,25540,2006,365,241,100,18,5,1,0,206,90,42,17,49,153,1,145,0
Hattiesburg,MS,25620,2006,118,53,65,0,0,0,0,96,73,52,0,0,0,0,118,0
Helena,MT,25740,2006,357,314,42,1,0,0,0,102,51,22,0,0,0,0,73,284
Helena-West Helena,AR,25760,2006,117,78,39,0,0,0,0,89,65,44,0,0,0,0,117,0
Hermiston-Pendleton,OR,25840,2006,361,297,64,0,0,0,0,92,62,22,0,0,0,0,347,14
Hickory-Lenoir-Morganton,NC,25860,2006,360,124,219,15,2,0,0,166,84,59,0,0,92,0,268,0
Hilo,HI,25900,2006,365,235,13,20,96,1,0,249,200,7,0,0,0,314,51,0
Hilton Head Island-Bluffton-Beaufort,SC,25940,2006,116,74,42,0,0,0,0,79,67,41,0,0,0,0,116,0
Hobbs,NM,26020,2006,361,264,90,7,0,0,0,129,80,42,0,33,295,0,31,2
Holland,MI,26090,2006,286,191,78,13,4,0,0,185,84,43,0,0,172,0,114,0
Homosassa Springs,FL,26140,2006,122,90,32,0,0,0,0,75,57,36,0,0,0,0,122,0
Hot Springs,AR,26300,2006,109,61,48,0,0,0,0,89,66,46,0,0,0,0,109,0
Houghton,MI,26340,2006,118,112,6,0,0,0,0,73,38,12,0,0,0,0,118,0
Houma-Thibodaux,LA,26380,2006,365,202,146,14,3,0,0,182,87,48,0,0,178,0,187,0
Houston-The Woodlands-Sugar Land,TX,26420,2006,365,47,231,56,22,9,0,222,143,69,0,6,122,53,158,26
Huntington,IN,26540,2006,177,124,47,6,0,0,0,119,74,45,0,0,177,0,0,0
Huntington-Ashland,WV,26580,2006,365,160,171,30,4,0,0,171,94,53,0,9,157,124,74,1
Huntington-Ashland,KY,26580,2006,365,160,171,30,4,0,0,171,94,53,0,9,157,124,74,1
Huntington-Ashland,OH,26580,2006,365,160,171,30,4,0,0,171,94,53,0,9,157,124,74,1
Huntsville,AL,26620,2006,362,229,119,12,2,0,0,156,84,45,0,0,282,0,73,7
Idaho Falls,ID,26820,2006,303,290,13,0,0,0,0,83,38,21,0,0,0,0,303,0
Indiana,PA,26860,2006,365,251,99,14,1,0,0,154,81,41,0,21,172,172,0,0
Indianapolis-Carmel-Anderson,IN,26900,2006,365,77,232,55,1,0,0,156,107,66,0,1,70,106,188,0
Iowa City,IA,26980,2006,120,82,37,1,0,0,0,104,67,40,0,0,0,0,120,0
Iron Mountain,MI,27020,2006,248,214,33,1,0,0,0,101,54,37,0,0,188,0,60,0
Iron Mountain,WI,27020,2006,248,214,33,1,0,0,0,101,54,37,0,0,188,0,60,0
Ithaca,NY,27060,2006,57,49,8,0,0,0,0,71,54,19,0,0,0,0,57,0
Jackson,MS,27140,2006,365,183,170,12,0,0,0,150,77,50,0,0,128,0,237,0
Jackson,TN,27180,2006,127,77,48,1,1,0,0,156,66,43,0,0,0,0,119,8
Jackson,WY,27220,2006,363,254,108,1,0,0,0,140,71,44,15,0,326,0,19,3
Jackson,ID,27220,2006,363,254,108,1,0,0,0,140,71,44,15,0,326,0,19,3
Jacksonville,FL,27260,2006,365,142,183,36,4,0,0,189,101,55,0,0,145,97,123,0
Jacksonville,NC,27340,2006,121,80,41,0,0,0,0,85,63,40,0,0,0,0,116,5
Jamestown-Dunkirk-Fredonia,NY,27460,2006,365,268,74,22,1,0,0,151,87,40,0,0,295,35,35,0
Janesville-Beloit,WI,27500,2006,185,147,37,1,0,0,0,112,64,42,0,0,185,0,0,0
Jasper,IN,27540,2006,363,223,107,32,1,0,0,163,96,34,0,0,0,269,94,0
Johnstown,PA,27780,2006,365,234,114,17,0,0,0,119,82,44,0,59,133,81,80,12
Joplin,MO,27900,2006,351,304,45,2,0,0,0,120,54,23,0,0,0,0,0,351
Juneau,AK,27940,2006,108,88,18,2,0,0,0,133,67,22,0,0,0,0,106,2
Kahului-Wailuku-Lahaina,HI,27980,2006,346,340,6,0,0,0,0,88,31,19,0,0,0,0,66,280
Kalamazoo-Portage,MI,28020,2006,241,152,86,3,0,0,0,119,74,46,0,0,158,0,83,0
Kalispell,MT,28060,2006,365,300,64,1,0,0,0,105,58,38,13,0,207,0,58,87
Kansas City,MO,28140,2006,365,88,194,69,13,1,0,201,122,65,0,10,124,85,143,3
Kansas City,KS,28140,2006,365,88,194,69,13,1,0,201,122,65,0,10,124,85,143,3
Kapaa,HI,28180,2006,335,335,0,0,0,0,0,31,19,10,0,0,0,0,0,335
Keene,NH,28300,2006,214,175,37,2,0,0,0,115,64,39,0,0,170,0,44,0
Kennewick-Richland,WA,28420,2006,365,294,68,3,0,0,0,149,62,28,0,0,0,0,310,55
Kingsport-Bristol-Bristol,TN,28700,2006,365,111,159,87,8,0,0,182,117,72,0,15,115,187,48,0
Kingsport-Bristol-Bristol,VA,28700,2006,365,111,159,87,8,0,0,182,117,72,0,15,115,187,48,0
Kingston,NY,28740,2006,365,323,37,5,0,0,0,129,54,36,0,0,359,6,0,0
Kingsville,TX,28780,2006,338,233,104,1,0,0,0,102,64,39,0,0,0,0,338,0
Kinston,NC,28820,2006,257,161,89,7,0,0,0,136,84,45,0,0,170,0,87,0
Klamath Falls,OR,28900,2006,364,232,106,18,8,0,0,176,92,38,0,0,0,0,364,0
Knoxville,TN,28940,2006,365,43,211,98,12,1,0,202,129,79,0,0,115,148,99,3
Kokomo,IN,29020,2006,114,59,55,0,0,0,0,90,71,49,0,0,0,0,114,0
La Crosse-Onalaska,WI,29100,2006,119,69,49,1,0,0,0,117,71,43,0,0,0,0,119,0
La Crosse-Onalaska,MN,29100,2006,119,69,49,1,0,0,0,117,71,43,0,0,0,0,119,0
La Grande,OR,29260,2006,364,281,72,10,1,0,0,178,65,30,0,0,0,0,355,9
Laconia,NH,29060,2006,208,179,27,2,0,0,0,112,54,35,0,0,165,0,43,0
Lafayette,LA,29180,2006,365,267,84,12,2,0,0,169,87,40,0,0,294,0,71,0
Lafayette-West Lafayette,IN,29200,2006,364,194,166,4,0,0,0,119,74,48,0,0,69,0,295,0
Lake Charles,LA,29340,2006,365,190,158,15,2,0,0,177,84,50,0,1,154,7,203,0
Lake City,FL,29380,2006,359,272,83,4,0,0,0,122,77,41,0,0,359,0,0,0
Lake Havasu City-Kingman,AZ,29420,2006,122,116,6,0,0,0,0,73,41,22,0,0,0,0,100,22
Lakeland-Winter Haven,FL,29460,2006,365,267,85,12,1,0,0,159,77,41,0,0,308,0,46,11
Lancaster,PA,29540,2006,365,227,110,24,4,0,0,169,93,44,0,66,160,54,77,8
Lansing-East Lansing,MI,29620,2006,242,154,81,7,0,0,0,126,71,44,0,0,163,0,79,0
Laramie,WY,29660,2006,74,69,5,0,0,0,0,88,42,24,0,0,0,0,0,74
Laredo,TX,29700,2006,365,203,158,3,0,0,1,394,67,47,0,0,60,0,262,43
Las Cruces,NM,29740,2006,365,124,202,27,7,3,2,396,101,58,0,5,184,0,31,145
Las Vegas-Henderson-Paradise,NV,29820,2006,365,89,213,57,6,0,0,182,115,65,1,32,215,0,98,19
Laurel,MS,29860,2006,120,51,69,0,0,0,0,98,77,53,0,0,0,0,120,0
Lawrence,KS,29940,2006,248,165,65,18,0,0,0,150,90,44,0,0,248,0,0,0
Lawrenceburg,TN,29980,2006,284,184,96,4,0,0,0,115,72,45,0,0,193,0,91,0
Lawton,OK,30020,2006,334,240,69,23,2,0,0,156,90,42,0,0,307,0,27,0
Lewiston,ID,30300,2006,337,293,38,6,0,0,0,121,53,23,0,0,0,0,308,29
Lewiston,WA,30300,2006,337,293,38,6,0,0,0,121,53,23,0,0,0,0,308,29
Lewiston-Auburn,ME,30340,2006,132,120,10,2,0,0,0,129,48,24,0,0,85,0,0,47
Lexington,NE,30420,2006,62,50,12,0,0,0,0,94,54,31,0,0,0,0,0,62
Lexington-Fayette,KY,30460,2006,365,236,119,10,0,0,0,126,77,44,0,62,164,34,105,0
Lima,OH,30620,2006,364,300,55,8,1,0,0,161,64,28,0,0,210,127,0,27
Lincoln,NE,30700,2006,364,342,22,0,0,0,0,87,45,27,105,0,185,0,74,0
Little Rock-North Little Rock-Conway,AR,30780,2006,365,144,200,15,6,0,0,166,87,54,0,2,124,0,239,0
Logan,UT,30860,2006,365,185,171,8,1,0,0,152,77,50,0,19,202,0,144,0
Logan,ID,30860,2006,365,185,171,8,1,0,0,152,77,50,0,19,202,0,144,0
London,KY,30940,2006,12,8,4,0,0,0,0,71,65,38,0,0,0,0,12,0
Longview,TX,30980,2006,361,268,64,26,3,0,0,161,90,38,0,18,322,21,0,0
Longview,WA,31020,2006,343,311,32,0,0,0,0,95,48,17,0,0,0,0,343,0
Los Alamos,NM,31060,2006,116,116,0,0,0,0,0,33,20,10,0,0,0,0,116,0
Los Angeles-Long Beach-Anaheim,CA,31080,2006,365,57,177,79,41,11,0,224,164,84,1,49,188,0,126,1
Louisville/Jefferson County,KY,31140,2006,365,79,206,70,10,0,0,200,119,66,0,3,88,121,153,0
Louisville/Jefferson County,IN,31140,2006,365,79,206,70,10,0,0,200,119,66,0,3,88,121,153,0
Ludington,MI,31220,2006,158,128,22,6,2,0,0,197,77,39,0,0,158,0,0,0
Lumberton,NC,31300,2006,121,69,52,0,0,0,0,95,69,46,0,0,0,0,121,0
Lynchburg,VA,31340,2006,115,64,51,0,0,0,0,91,72,46,0,0,0,0,115,0
Macon,GA,31420,2006,365,132,209,21,3,0,0,164,97,58,0,0,109,8,248,0
Madera,CA,31460,2006,363,260,72,30,1,0,0,174,97,39,0,56,307,0,0,0
Madison,WI,31540,2006,306,226,78,2,0,0,0,146,67,42,0,0,217,0,89,0
Malone,NY,31660,2006,365,347,15,3,0,0,0,133,44,19,0,0,181,72,0,112
Manchester-Nashua,NH,31700,2006,365,282,70,12,1,0,0,151,64,34,11,82,160,53,59,0
Manitowoc,WI,31820,2006,241,177,56,6,2,0,0,197,71,40,0,0,175,0,66,0
Marietta,OH,31930,2006,237,162,62,11,2,0,0,166,84,44,0,0,210,0,0,27
Marion,NC,32000,2006,291,114,175,2,0,0,0,109,76,55,0,0,0,0,291,0
Marshall,MN,32140,2006,358,281,75,2,0,0,0,105,62,38,0,0,123,0,235,0
Marshall,TX,32220,2006,365,216,134,15,0,0,0,143,84,46,0,1,191,0,173,0
Mason City,IA,32380,2006,365,315,50,0,0,0,0,95,54,28,0,0,0,0,0,365
Mayag?ez,PR,32420,2006,100,90,10,0,0,0,0,68,52,26,0,0,0,0,100,0
McAlester,OK,32540,2006,365,250,98,17,0,0,0,143,84,42,0,0,323,0,42,0
McAllen-Edinburg-Mission,TX,32580,2006,365,205,160,0,0,0,0,97,72,47,0,0,74,0,264,27
Medford,OR,32780,2006,365,231,129,5,0,0,0,139,74,44,0,0,137,0,227,1
Memphis,TN,32820,2006,365,88,219,50,8,0,0,200,113,63,0,5,122,40,198,0
Memphis,MS,32820,2006,365,88,219,50,8,0,0,200,113,63,0,5,122,40,198,0
Memphis,AR,32820,2006,365,88,219,50,8,0,0,200,113,63,0,5,122,40,198,0
Merced,CA,32900,2006,364,215,98,43,8,0,0,172,112,44,0,43,269,0,49,3
Meridian,MS,32940,2006,324,176,135,13,0,0,0,143,84,49,0,0,189,0,135,0
Miami,OK,33060,2006,365,265,88,11,1,0,0,151,80,39,0,0,219,0,39,107
Miami-Fort Lauderdale-West Palm Beach,FL,33100,2006,365,155,193,15,2,0,0,187,84,53,0,7,98,12,245,3
Michigan City-La Porte,IN,33140,2006,363,277,79,7,0,0,0,133,64,34,0,0,154,125,84,0
Middlesborough,KY,33180,2006,267,183,83,1,0,0,0,101,71,45,0,0,214,0,52,1
Milledgeville,GA,33300,2006,353,302,42,9,0,0,0,141,59,7,0,0,0,353,0,0
Milwaukee-Waukesha-West Allis,WI,33340,2006,365,242,111,10,2,0,0,169,77,42,0,75,170,4,108,8
Minneapolis-St. Paul-Bloomington,MN,33460,2006,365,168,187,10,0,0,0,140,81,52,0,4,133,16,208,4
Minneapolis-St. Paul-Bloomington,WI,33460,2006,365,168,187,10,0,0,0,140,81,52,0,4,133,16,208,4
Missoula,MT,33540,2006,359,306,48,3,2,0,0,160,57,25,31,0,0,0,126,202
Mobile,AL,33660,2006,364,241,99,21,3,0,0,164,84,44,0,0,201,7,79,77
Modesto,CA,33700,2006,365,219,100,32,14,0,0,179,108,44,4,63,234,0,62,2
Monroe,LA,33740,2006,364,269,85,10,0,0,0,126,74,40,0,0,292,3,69,0
Monroe,MI,33780,2006,120,62,56,2,0,0,0,115,76,50,0,0,0,0,120,0
Montgomery,AL,33860,2006,286,152,122,11,1,0,0,175,84,49,0,0,190,0,96,0
Morgantown,WV,34060,2006,365,216,105,41,3,0,0,166,108,44,0,0,120,162,83,0
Morristown,TN,34100,2006,365,185,140,36,4,0,0,188,101,49,0,0,290,75,0,0
Moscow,ID,34140,2006,342,315,21,6,0,0,0,140,43,16,0,0,0,0,342,0
Moses Lake,WA,34180,2006,363,325,38,0,0,0,0,88,51,25,0,0,0,0,363,0
Mount Vernon,IL,34500,2006,251,178,73,0,0,0,0,100,71,43,0,0,211,0,40,0
Mount Vernon,OH,34540,2006,213,152,51,10,0,0,0,150,80,43,0,0,213,0,0,0
Mount Vernon-Anacortes,WA,34580,2006,365,355,9,1,0,0,0,107,42,31,0,1,304,21,39,0
Muncie,IN,34620,2006,240,146,88,6,0,0,0,126,78,47,0,0,156,0,84,0
Muscatine,IA,34700,2006,365,232,97,36,0,0,0,146,100,33,0,0,0,278,77,10
Muskegon,MI,34740,2006,223,151,59,8,5,0,0,192,87,43,0,0,174,0,49,0
Muskogee,OK,34780,2006,356,276,75,5,0,0,0,109,63,31,0,0,0,90,82,184
Myrtle Beach-Conway-North Myrtle Beach,SC,34820,2006,111,69,42,0,0,0,0,92,68,43,0,0,0,0,111,0
Myrtle Beach-Conway-North Myrtle Beach,NC,34820,2006,111,69,42,0,0,0,0,92,68,43,0,0,0,0,111,0
Napa,CA,34900,2006,364,348,14,2,0,0,0,105,44,34,0,83,275,0,0,6
Naples-Immokalee-Marco Island,FL,34940,2006,364,251,111,2,0,0,0,119,64,43,0,0,155,0,209,0
Nashville-Davidson--Murfreesboro--Franklin,TN,34980,2006,365,109,220,30,6,0,0,182,100,59,0,10,125,0,230,0
Natchez,MS,35020,2006,285,178,96,11,0,0,0,136,84,46,0,0,213,0,72,0
Natchez,LA,35020,2006,285,178,96,11,0,0,0,136,84,46,0,0,213,0,72,0
New Castle,IN,35220,2006,111,63,48,0,0,0,0,86,73,46,0,0,0,0,111,0
New Castle,PA,35260,2006,365,288,71,6,0,0,0,132,67,38,0,87,146,90,0,42
New Haven-Milford,CT,35300,2006,365,200,143,17,4,1,0,209,84,48,0,87,92,11,175,0
New Orleans-Metairie,LA,35380,2006,365,129,205,28,3,0,0,174,97,57,0,6,164,0,192,3
New Philadelphia-Dover,OH,35420,2006,341,297,42,2,0,0,0,107,56,23,0,0,0,341,0,0
New York-Newark-Jersey City,NY,35620,2006,365,71,226,47,19,2,0,226,124,67,0,42,105,45,173,0
New York-Newark-Jersey City,NJ,35620,2006,365,71,226,47,19,2,0,226,124,67,0,42,105,45,173,0
New York-Newark-Jersey City,PA,35620,2006,365,71,226,47,19,2,0,226,124,67,0,42,105,45,173,0
Niles-Benton Harbor,MI,35660,2006,229,160,60,8,1,0,0,151,77,44,0,0,175,0,54,0
Nogales,AZ,35700,2006,333,145,145,39,4,0,0,176,108,55,0,0,0,0,32,301
North Port-Sarasota-Bradenton,FL,35840,2006,365,258,93,13,1,0,0,154,80,43,1,1,315,1,37,10
Norwich-New London,CT,35980,2006,237,170,57,6,3,1,0,205,80,43,0,0,164,0,73,0
Ocala,FL,36100,2006,365,284,73,8,0,0,0,140,71,41,0,0,314,0,51,0
Odessa,TX,36220,2006,365,324,41,0,0,0,0,66,51,34,0,0,0,0,365,0
Ogden-Clearfield,UT,36260,2006,365,167,165,31,2,0,0,174,97,52,2,139,144,0,73,7
Ogdensburg-Massena,NY,36300,2006,105,91,14,0,0,0,0,85,55,19,0,0,0,0,105,0
Oklahoma City,OK,36420,2006,365,195,119,41,10,0,0,174,115,49,0,34,247,0,84,0
Olympia-Tumwater,WA,36500,2006,365,294,66,5,0,0,0,147,64,35,0,0,117,0,247,1
Omaha-Council Bluffs,NE,36540,2006,365,140,207,18,0,0,0,134,87,56,0,0,70,17,214,64
Omaha-Council Bluffs,IA,36540,2006,365,140,207,18,0,0,0,134,87,56,0,0,70,17,214,64
Orlando-Kissimmee-Sanford,FL,36740,2006,365,173,169,21,2,0,0,169,93,51,0,2,187,0,174,2
Othello,WA,36830,2006,365,339,26,0,0,0,0,90,44,22,0,0,0,0,365,0
Ottawa-Peru,IL,36860,2006,365,259,69,29,8,0,0,200,101,28,0,0,0,89,92,184
Owensboro,KY,36980,2006,365,221,127,16,1,0,0,161,84,44,0,26,187,84,68,0
Oxford,NC,37080,2006,210,105,88,16,1,0,0,177,100,51,0,0,210,0,0,0
Oxnard-Thousand Oaks-Ventura,CA,37100,2006,365,202,111,38,14,0,0,197,119,48,0,21,308,0,34,2
Paducah,KY,37140,2006,365,222,133,10,0,0,0,147,77,44,0,53,176,54,82,0
Paducah,IL,37140,2006,365,222,133,10,0,0,0,147,77,44,0,53,176,54,82,0
Pahrump,NV,37220,2006,365,314,48,1,1,0,1,455,53,31,0,0,0,0,0,365
Palatka,FL,37260,2006,365,342,21,2,0,0,0,105,41,23,0,0,0,43,0,322
Palm Bay-Melbourne-Titusville,FL,37340,2006,365,270,87,7,1,0,0,156,71,43,0,0,313,0,52,0
Panama City,FL,37460,2006,365,237,111,17,0,0,0,147,80,44,0,0,305,0,54,6
Parkersburg-Vienna,WV,37620,2006,365,194,147,23,1,0,0,154,90,48,0,0,125,168,72,0
Payson,AZ,37740,2006,365,80,157,117,11,0,0,200,130,81,0,0,105,216,8,36
Pensacola-Ferry Pass-Brent,FL,37860,2006,365,144,180,39,2,0,0,159,102,54,0,0,171,32,162,0
Peoria,IL,37900,2006,365,209,129,18,9,0,0,200,90,46,10,0,167,130,57,1
Philadelphia-Camden-Wilmington,PA,37980,2006,365,76,208,62,17,2,0,210,126,69,0,14,93,84,173,1
Philadelphia-Camden-Wilmington,NJ,37980,2006,365,76,208,62,17,2,0,210,126,69,0,14,93,84,173,1
Philadelphia-Camden-Wilmington,DE,37980,2006,365,76,208,62,17,2,0,210,126,69,0,14,93,84,173,1
Philadelphia-Camden-Wilmington,MD,37980,2006,365,76,208,62,17,2,0,210,126,69,0,14,93,84,173,1
Phoenix-Mesa-Scottsdale,AZ,38060,2006,365,11,87,110,98,22,25,974,306,140,0,10,65,1,6,283
Pittsburgh,PA,38300,2006,365,43,205,98,19,0,0,200,136,79,0,3,47,162,153,0
Pittsfield,MA,38340,2006,365,228,129,8,0,0,0,140,77,42,0,0,130,0,235,0
Platteville,WI,38420,2006,128,78,49,1,0,0,0,115,67,43,0,0,0,0,128,0
Pocatello,ID,38540,2006,365,209,151,5,0,0,0,146,70,47,0,0,0,133,216,16
Point Pleasant,WV,38580,2006,346,290,44,12,0,0,0,133,70,20,0,0,0,346,0,0
Point Pleasant,OH,38580,2006,346,290,44,12,0,0,0,133,70,20,0,0,0,346,0,0
Ponca City,OK,38620,2006,365,224,109,29,3,0,0,166,97,46,0,0,222,37,26,80
Ponce,PR,38660,2006,211,183,28,0,0,0,0,77,52,24,0,0,0,92,36,83
Port Angeles,WA,38820,2006,364,251,112,1,0,0,0,116,68,38,0,0,119,0,245,0
Port St. Lucie,FL,38940,2006,364,245,118,1,0,0,0,112,64,43,0,0,128,0,236,0
Portland-South Portland,ME,38860,2006,365,316,41,8,0,0,0,140,61,34,0,81,239,17,23,5
Portland-Vancouver-Hillsboro,OR,38900,2006,365,240,111,12,1,1,0,201,81,39,6,2,110,1,246,0
Portland-Vancouver-Hillsboro,WA,38900,2006,365,240,111,12,1,1,0,201,81,39,6,2,110,1,246,0
Portsmouth,OH,39020,2006,365,280,83,2,0,0,0,143,65,31,0,0,0,137,115,113
Pottsville,PA,39060,2006,359,347,10,2,0,0,0,104,31,11,24,0,0,335,0,0
Prescott,AZ,39140,2006,124,123,1,0,0,0,0,51,28,14,0,0,0,0,101,23
Providence-Warwick,RI,39300,2006,365,201,139,21,3,1,0,226,90,48,0,17,129,53,166,0
Providence-Warwick,MA,39300,2006,365,201,139,21,3,1,0,226,90,48,0,17,129,53,166,0
Provo-Orem,UT,39340,2006,365,184,147,34,0,0,0,140,100,50,1,94,136,0,131,3
Pueblo,CO,39380,2006,129,107,22,0,0,0,0,66,54,33,0,0,0,0,105,24
Pullman,WA,39420,2006,365,332,31,2,0,0,0,116,48,21,0,0,0,0,365,0
Quincy,IL,39500,2006,362,291,67,4,0,0,0,119,67,37,0,0,307,19,36,0
Quincy,MO,39500,2006,362,291,67,4,0,0,0,119,67,37,0,0,307,19,36,0
Racine,WI,39540,2006,184,153,26,5,0,0,0,133,67,38,0,0,184,0,0,0
Raleigh,NC,39580,2006,364,139,201,23,1,0,0,164,91,56,0,0,129,0,235,0
Rapid City,SD,39660,2006,365,212,145,8,0,0,0,126,80,48,0,0,268,0,27,70
Reading,PA,39740,2006,313,206,89,16,2,0,0,156,87,42,0,48,157,23,82,3
Red Bluff,CA,39780,2006,340,210,83,40,7,0,0,166,119,41,0,0,323,0,0,17
Red Wing,MN,39860,2006,154,122,31,1,0,0,0,119,67,44,0,0,154,0,0,0
Redding,CA,39820,2006,365,252,90,22,1,0,0,151,90,45,0,0,347,0,18,0
Reno,NV,39900,2006,365,214,136,15,0,0,0,122,87,47,0,55,271,0,23,16
Richmond,IN,39980,2006,365,292,65,8,0,0,0,130,71,21,0,0,0,365,0,0
Richmond,VA,40060,2006,365,137,194,25,9,0,0,179,100,57,0,51,108,58,148,0
Richmond-Berea,KY,40080,2006,125,76,49,0,0,0,0,94,70,44,0,0,0,0,118,7
Riverside-San Bernardino-Ontario,CA,40140,2006,365,49,152,82,63,19,0,239,185,91,0,44,221,0,83,17
Riverton,WY,40180,2006,122,103,19,0,0,0,0,77,56,24,0,0,0,0,110,12
Roanoke,VA,40220,2006,365,232,118,15,0,0,0,143,83,43,2,98,167,9,88,1
Rochester,MN,40340,2006,363,260,98,5,0,0,0,124,67,42,0,0,154,0,209,0
Rochester,NY,40380,2006,365,296,62,7,0,0,0,143,61,34,3,0,246,52,64,0
Rock Springs,WY,40540,2006,365,261,99,4,0,0,1,344,71,42,0,11,231,0,0,123
Rockford,IL,40420,2006,365,326,39,0,0,0,0,95,53,32,19,0,308,0,38,0
Rockland,ME,40500,2006,182,154,23,5,0,0,0,133,61,38,0,0,182,0,0,0
Rocky Mount,NC,40580,2006,265,148,110,7,0,0,0,122,84,48,0,0,178,0,86,1
Rome,GA,40660,2006,358,231,116,10,1,0,0,155,78,31,0,0,0,252,106,0
Roseburg,OR,40700,2006,360,293,66,1,0,0,0,107,61,29,0,0,0,0,360,0
Roswell,NM,40740,2006,126,122,4,0,0,0,0,64,41,24,0,0,0,0,115,11
Ruidoso,NM,40760,2006,102,101,1,0,0,0,0,59,25,13,0,0,0,0,102,0
Russellville,AR,40780,2006,116,64,52,0,0,0,0,84,66,48,0,0,0,0,116,0
Rutland,VT,40860,2006,364,319,45,0,0,0,0,96,55,23,10,177,0,75,101,1
Sacramento--Roseville--Arden-Arcade,CA,40900,2006,365,86,158,72,44,5,0,210,154,74,0,4,211,0,146,4
Safford,AZ,40940,2006,57,57,0,0,0,0,0,46,35,19,0,0,0,0,0,57
Salem,OH,41400,2006,354,284,57,13,0,0,0,133,74,17,0,0,0,313,0,41
Salem,OR,41420,2006,363,293,63,6,1,0,0,154,64,31,17,0,138,0,208,0
Salinas,CA,41500,2006,365,345,19,1,0,0,0,126,46,37,0,16,331,0,15,3
Salisbury,MD,41540,2006,267,140,106,19,2,0,0,159,93,50,0,0,197,0,70,0
Salisbury,DE,41540,2006,267,140,106,19,2,0,0,159,93,50,0,0,197,0,70,0
Salt Lake City,UT,41620,2006,365,145,166,49,5,0,0,161,108,57,0,68,159,8,114,16
San Antonio-New Braunfels,TX,41700,2006,365,198,135,28,4,0,0,169,97,48,0,27,209,0,126,3
San Diego-Carlsbad,CA,41740,2006,365,84,210,55,16,0,0,187,126,70,0,48,218,0,92,7
San Francisco-Oakland-Hayward,CA,41860,2006,365,191,145,22,7,0,0,190,90,49,0,33,141,4,186,1
San Jose-Sunnyvale-Santa Clara,CA,41940,2006,365,184,148,26,7,0,0,200,97,50,0,9,211,0,138,7
San Juan-Carolina-Caguas,PR,41980,2006,365,279,86,0,0,0,0,90,56,40,10,1,1,25,157,171
San Luis Obispo-Paso Robles-Arroyo Grande,CA,42020,2006,365,178,122,59,6,0,0,174,119,51,0,3,281,64,12,5
Sandpoint,ID,41760,2006,351,349,2,0,0,0,0,57,29,14,0,0,0,0,0,351
Santa Cruz-Watsonville,CA,42100,2006,365,347,17,1,0,0,0,101,45,36,0,2,345,0,12,6
Santa Fe,NM,42140,2006,365,364,1,0,0,0,0,59,26,15,25,0,0,0,332,8
Santa Maria-Santa Barbara,CA,42200,2006,365,229,120,15,1,0,0,162,80,48,0,4,345,0,15,1
Santa Rosa,CA,42220,2006,364,339,24,0,1,0,0,153,47,33,0,36,277,0,50,1
Sault Ste. Marie,MI,42300,2006,97,78,17,2,0,0,0,132,59,28,0,0,0,0,97,0
Savannah,GA,42340,2006,365,125,230,10,0,0,0,145,82,57,0,0,27,57,281,0
Scottsbluff,NE,42420,2006,109,102,7,0,0,0,0,83,39,21,0,0,0,0,109,0
Scottsboro,AL,42460,2006,365,339,23,3,0,0,0,104,39,7,0,0,0,365,0,0
Scranton--Wilkes-Barre--Hazleton,PA,42540,2006,365,228,127,10,0,0,0,140,76,44,0,35,124,12,190,4
Searcy,AR,42620,2006,119,69,50,0,0,0,0,96,67,47,0,0,0,0,119,0
Seattle-Tacoma-Bellevue,WA,42660,2006,365,193,143,20,7,2,0,206,92,48,0,0,118,0,245,2
Sebring,FL,42700,2006,364,290,65,9,0,0,0,136,71,38,0,0,364,0,0,0
Seneca,SC,42860,2006,363,272,91,0,0,0,0,95,64,43,0,0,307,5,51,0
Sevierville,TN,42940,2006,362,185,134,38,5,0,0,159,105,50,0,0,359,3,0,0
Seymour,IN,42980,2006,183,115,60,8,0,0,0,133,84,46,0,0,183,0,0,0
Sheboygan,WI,43100,2006,217,163,40,11,2,1,0,204,90,41,0,0,188,0,0,29
Shelton,WA,43220,2006,351,313,38,0,0,0,0,84,51,25,0,0,0,0,351,0
Sheridan,WY,43260,2006,237,184,53,0,0,0,0,93,60,31,0,0,0,0,86,151
Show Low,AZ,43320,2006,328,230,92,6,0,0,0,150,74,45,0,0,306,0,15,7
Shreveport-Bossier City,LA,43340,2006,365,174,155,32,4,0,0,159,100,52,0,0,211,2,151,1
Sierra Vista-Douglas,AZ,43420,2006,360,252,99,9,0,0,0,119,74,46,0,0,323,0,27,10
Silver City,NM,43500,2006,360,305,53,2,0,0,0,112,58,42,0,0,343,2,11,4
Sioux City,IA,43580,2006,122,83,39,0,0,0,0,88,66,38,0,0,0,0,110,12
Sioux City,NE,43580,2006,122,83,39,0,0,0,0,88,66,38,0,0,0,0,110,12
Sioux City,SD,43580,2006,122,83,39,0,0,0,0,88,66,38,0,0,0,0,110,12
Sioux Falls,SD,43620,2006,359,290,68,1,0,0,0,105,64,36,0,15,252,0,66,26
Somerset,KY,43700,2006,254,206,48,0,0,0,0,87,64,40,0,0,245,0,0,9
Sonora,CA,43760,2006,365,268,81,16,0,0,0,143,84,38,0,0,365,0,0,0
South Bend-Mishawaka,IN,43780,2006,365,259,98,8,0,0,0,133,71,39,0,126,161,0,78,0
South Bend-Mishawaka,MI,43780,2006,365,259,98,8,0,0,0,133,71,39,0,126,161,0,78,0
Spartanburg,SC,43900,2006,355,132,188,32,3,0,0,172,100,58,0,0,142,0,212,1
Spokane-Spokane Valley,WA,44060,2006,365,181,176,8,0,0,0,122,77,51,3,0,111,0,244,7
Springfield,IL,44100,2006,365,284,74,7,0,0,0,120,67,37,2,0,274,54,35,0
Springfield,MA,44140,2006,365,220,124,16,4,1,0,215,88,45,0,6,218,3,138,0
Springfield,MO,44180,2006,365,182,159,23,1,0,0,151,93,51,2,55,140,124,44,0
Springfield,OH,44220,2006,365,253,98,13,1,0,0,164,77,42,0,0,180,104,81,0
St. Cloud,MN,41060,2006,365,304,61,0,0,0,0,87,56,34,19,0,140,0,206,0
St. George,UT,41100,2006,359,229,123,7,0,0,0,119,84,46,0,0,358,0,1,0
St. Joseph,MO,41140,2006,163,90,73,0,0,0,0,83,66,45,0,0,0,0,153,10
St. Joseph,KS,41140,2006,163,90,73,0,0,0,0,83,66,45,0,0,0,0,153,10
St. Louis,MO,41180,2006,365,18,182,125,40,0,0,200,154,95,0,28,59,156,73,49
St. Louis,IL,41180,2006,365,18,182,125,40,0,0,200,154,95,0,28,59,156,73,49
State College,PA,44300,2006,363,209,141,13,0,0,0,126,84,47,0,11,129,3,220,0
Steamboat Springs,CO,44460,2006,352,331,21,0,0,0,0,67,39,19,0,0,0,0,0,352
Stockton-Lodi,CA,44700,2006,365,227,101,30,7,0,0,195,101,44,0,76,233,0,50,6
Summerville,GA,44900,2006,263,194,60,9,0,0,0,143,74,44,0,0,243,0,0,20
Syracuse,NY,45060,2006,365,307,53,5,0,0,0,140,61,36,4,0,333,7,21,0
Tahlequah,OK,45140,2006,365,262,89,11,2,1,0,206,84,41,0,59,224,3,33,46
Talladega-Sylacauga,AL,45180,2006,277,157,105,15,0,0,0,150,84,48,0,0,208,0,68,1
Tallahassee,FL,45220,2006,365,130,226,9,0,0,0,126,84,55,0,0,108,0,257,0
Tampa-St. Petersburg-Clearwater,FL,45300,2006,365,100,200,61,4,0,0,167,112,61,0,1,129,98,128,9
Taos,NM,45340,2006,352,326,26,0,0,0,0,68,49,22,0,0,0,0,207,145
Terre Haute,IN,45460,2006,365,223,118,24,0,0,0,132,90,45,0,0,117,176,72,0
Texarkana,TX,45500,2006,117,61,54,2,0,0,0,108,67,49,0,0,0,0,117,0
Texarkana,AR,45500,2006,117,61,54,2,0,0,0,108,67,49,0,0,0,0,117,0
The Dalles,OR,45520,2006,360,323,35,1,1,0,0,154,52,20,0,0,0,0,360,0
Toledo,OH,45780,2006,365,219,134,12,0,0,0,136,79,44,0,0,144,77,82,62
Topeka,KS,45820,2006,159,131,28,0,0,0,0,78,57,33,0,0,47,0,104,8
Torrington,CT,45860,2006,361,281,59,18,3,0,0,187,77,39,0,16,306,0,39,0
Traverse City,MI,45900,2006,183,139,34,8,2,0,0,197,80,42,0,0,183,0,0,0
Trenton,NJ,45940,2006,359,251,80,22,6,0,0,195,91,40,0,55,244,0,59,1
Troy,AL,45980,2006,20,20,0,0,0,0,0,37,34,21,0,0,0,0,0,20
Truckee-Grass Valley,CA,46020,2006,365,174,108,59,24,0,0,200,136,53,0,0,284,0,20,61
Tucson,AZ,46060,2006,365,196,150,19,0,0,0,143,90,50,0,0,280,0,16,69
Tulsa,OK,46140,2006,365,134,188,37,4,2,0,207,105,56,0,4,175,85,99,2
Tupelo,MS,46180,2006,365,174,180,11,0,0,0,140,84,51,0,0,103,0,262,0
Tuscaloosa,AL,46220,2006,277,163,106,7,1,0,0,161,80,47,0,0,186,0,91,0
Twin Falls,ID,46300,2006,307,272,35,0,0,0,0,79,52,29,0,0,0,0,307,0
Tyler,TX,46340,2006,365,264,66,33,2,0,0,159,100,42,0,3,362,0,0,0
Ukiah,CA,46380,2006,365,341,24,0,0,0,0,97,48,34,0,34,309,0,16,6
Urban Honolulu,HI,46520,2006,365,355,9,1,0,0,0,149,34,21,7,28,132,29,54,115
Utica-Rome,NY,46540,2006,363,335,26,2,0,0,0,115,48,34,0,0,350,2,11,0
Valdosta,GA,46660,2006,61,29,32,0,0,0,0,81,65,52,0,0,0,0,61,0
Vallejo-Fairfield,CA,46700,2006,365,201,144,17,3,0,0,154,85,47,0,13,136,0,216,0
Vernal,UT,46860,2006,49,49,0,0,0,0,0,17,15,6,0,0,0,0,0,49
Victoria,TX,47020,2006,345,297,43,5,0,0,0,126,67,34,0,0,345,0,0,0
Vincennes,IN,47180,2006,117,61,53,3,0,0,0,131,75,48,0,0,0,0,117,0
Vineland-Bridgeton,NJ,47220,2006,354,196,140,16,2,0,0,177,84,47,0,0,163,1,190,0
Vineyard Haven,MA,47240,2006,232,181,41,6,2,2,0,207,72,39,0,0,159,0,73,0
Virginia Beach-Norfolk-Newport News,VA,47260,2006,365,158,186,20,1,0,0,164,90,53,2,0,117,39,207,0
Virginia Beach-Norfolk-Newport News,NC,47260,2006,365,158,186,20,1,0,0,164,90,53,2,0,117,39,207,0
Visalia-Porterville,CA,47300,2006,365,71,151,74,67,2,0,204,161,88,0,0,209,0,156,0
Walla Walla,WA,47460,2006,365,291,67,6,1,0,0,153,62,30,0,0,0,0,283,82
Walterboro,SC,47500,2006,349,265,76,8,0,0,0,136,77,40,0,0,349,0,0,0
Warner Robins,GA,47580,2006,60,18,42,0,0,0,0,87,73,56,0,0,0,0,60,0
Warren,PA,47620,2006,365,241,56,54,14,0,0,176,115,27,0,0,0,365,0,0
Washington,IN,47780,2006,342,273,43,26,0,0,0,147,89,16,0,0,0,342,0,0
Washington,NC,47820,2006,349,348,1,0,0,0,0,57,17,3,0,0,0,349,0,0
Washington-Arlington-Alexandria,DC,47900,2006,365,141,169,34,18,3,0,221,115,57,1,40,153,18,151,2
Washington-Arlington-Alexandria,VA,47900,2006,365,141,169,34,18,3,0,221,115,57,1,40,153,18,151,2
Washington-Arlington-Alexandria,MD,47900,2006,365,141,169,34,18,3,0,221,115,57,1,40,153,18,151,2
Washington-Arlington-Alexandria,WV,47900,2006,365,141,169,34,18,3,0,221,115,57,1,40,153,18,151,2
Waterloo-Cedar Falls,IA,47940,2006,260,203,56,1,0,0,0,102,63,41,0,0,185,0,74,1
Watertown,SD,47980,2006,340,301,39,0,0,0,0,85,52,22,0,0,0,0,110,230
Watertown-Fort Atkinson,WI,48020,2006,185,148,34,3,0,0,0,112,64,41,0,0,185,0,0,0
Watertown-Fort Drum,NY,48060,2006,229,199,25,5,0,0,0,122,58,33,0,0,229,0,0,0
Wausau,WI,48140,2006,185,146,38,1,0,0,0,105,61,41,0,0,185,0,0,0
Weirton-Steubenville,WV,48260,2006,365,54,187,118,6,0,0,174,119,80,2,0,48,278,36,1
Weirton-Steubenville,OH,48260,2006,365,54,187,118,6,0,0,174,119,80,2,0,48,278,36,1
Wenatchee,WA,48300,2006,365,266,97,2,0,0,0,104,62,36,0,0,0,0,365,0
Wheeling,WV,48540,2006,365,94,193,77,1,0,0,161,112,65,0,0,56,174,135,0
Wheeling,OH,48540,2006,365,94,193,77,1,0,0,161,112,65,0,0,56,174,135,0
Whitewater-Elkhorn,WI,48580,2006,186,134,46,6,0,0,0,129,74,44,0,0,186,0,0,0
Wichita Falls,TX,48660,2006,350,297,53,0,0,0,0,69,53,30,0,0,0,0,350,0
Wichita,KS,48620,2006,365,238,102,24,1,0,0,151,93,44,6,23,286,0,29,21
Williamsport,PA,48700,2006,361,305,51,5,0,0,0,133,61,31,0,0,199,152,0,10
Williston,ND,48780,2006,363,350,12,1,0,0,0,119,36,7,0,0,0,363,0,0
Wilmington,NC,48900,2006,363,198,152,13,0,0,0,145,80,47,0,0,97,105,161,0
Wilmington,OH,48940,2006,214,121,75,17,1,0,0,161,100,48,0,0,214,0,0,0
Winchester,VA,49020,2006,240,180,52,7,1,0,0,156,77,43,0,0,205,0,0,35
Winchester,WV,49020,2006,240,180,52,7,1,0,0,156,77,43,0,0,205,0,0,35
Winona,MN,49100,2006,114,101,13,0,0,0,0,79,51,25,0,0,0,0,114,0
Winston-Salem,NC,49180,2006,365,112,220,28,5,0,0,166,99,61,0,4,86,13,262,0
Worcester,MA,49340,2006,365,250,104,9,2,0,0,164,80,40,1,49,152,0,163,0
Worcester,CT,49340,2006,365,250,104,9,2,0,0,164,80,40,1,49,152,0,163,0
Yakima,WA,49420,2006,365,241,111,11,2,0,0,158,77,39,0,0,0,0,358,7
York-Hanover,PA,49620,2006,365,223,124,17,1,0,0,157,89,44,0,108,122,51,78,6
Youngstown-Warren-Boardman,OH,49660,2006,365,180,166,16,3,0,0,169,90,51,0,0,115,37,213,0
Youngstown-Warren-Boardman,PA,49660,2006,365,180,166,16,3,0,0,169,90,51,0,0,115,37,213,0
Yuba City,CA,49700,2006,365,167,151,41,6,0,0,179,108,54,0,18,217,0,128,2
Yuma,AZ,49740,2006,365,187,164,14,0,0,0,146,74,50,0,9,180,0,0,176
